ma_thanh_phan,ten_thanh_phan,khoi_luong_mac_dinh_g,calo_100g,protein_100g,carb_100g,fat_100g,nguon_so_lieu
Banh bao,Banh bao,89.0,246.07,6.97,50.0,2.02,"Số liệu tự đo (nhóm NCKH), trích 'vỏ bánh bao' từ món Bánh bao."
Banh cuon,Banh cuon,100.0,103.0,1.5,23.0,0.5,"Số liệu tự đo (nhóm NCKH), trích 'vỏ bánh (bánh cuốn)' từ món Bánh cuốn."
Banh pho,Banh pho,32.0,121.88,1.88,28.12,0.31,"Số liệu tự đo (nhóm NCKH), trích 'bánh phở' từ món Phở."
Banh tom,Banh tom,22.0,377.27,8.18,43.18,19.09,"Số liệu tự đo (nhóm NCKH), trích 'bánh tôm đậu xanh' từ món Bánh cuốn."
Ca chua,Ca chua,30.0,33.33,1.0,7.0,0.33,"Số liệu tự đo (nhóm NCKH), trích 'cà chua' từ món Cơm sườn."
Cha,Cha,18.0,155.56,13.89,2.78,10.0,"Số liệu tự đo (nhóm NCKH), trích 'chả' từ món Xôi mặn."
Cha bong,Cha bong,5.0,260.0,40.0,4.0,10.0,"Số liệu tự đo (nhóm NCKH), trích 'chà bông' từ món Xôi mặn."
Com,Com,270.0,125.93,2.52,28.19,0.3,"Số liệu tự đo (nhóm NCKH), trích 'cơm tấm' từ món Cơm sườn."
Dua leo,Dua leo,13.0,17.69,0.77,3.62,0.08,"Số liệu tự đo (nhóm NCKH), trích 'dưa chuột' từ món Bánh mỳ thịt."
Gia,Gia,10.0,30.0,3.0,6.0,0.0,"Số liệu tự đo (nhóm NCKH), trích 'giá đỗ' từ món Phở."
Hanh la,Hanh la,5.0,40.0,2.0,8.0,0.0,"Số liệu tự đo (nhóm NCKH), trích 'hành lá' từ món Phở."
Hanh phi,Hanh phi,10.0,280.0,6.0,23.0,20.0,"Số liệu tự đo (nhóm NCKH), trích 'hành phi' từ món Xôi mặn."
Lap xuong,Lap xuong,6.0,583.33,18.33,13.33,55.0,"Số liệu tự đo (nhóm NCKH), trích 'lạp xưởng' từ món Xôi mặn."
Lat banh sandwich,Lat banh sandwich,72.0,255.56,8.06,49.03,3.06,"Số liệu tự đo (nhóm NCKH), trích 'vỏ bánh (sandwich)' từ món Sandwich."
Mi,Mi,85.0,444.71,9.06,64.0,54.29,"Số liệu tự đo (nhóm NCKH), trích 'mì' từ món Mì trộn. ⚠ Fat bất thường, không khớp cân đối năng lượng — cần đo lại."
Mo hanh,Mo hanh,5.0,360.0,8.0,80.0,0.0,"Số liệu tự đo (nhóm NCKH), trích 'mỡ hành' từ món Cơm sườn."
Nem chua,Nem chua,12.0,116.67,16.67,4.17,3.33,"Số liệu tự đo (nhóm NCKH), trích 'nem chua' từ món Bánh cuốn."
Nui,Nui,220.0,130.91,5.0,26.0,0.5,"Số liệu tự đo (nhóm NCKH), trích 'nui' từ món Nui xào."
Pate,Pate,14.0,328.57,12.86,2.86,30.0,"Số liệu tự đo (nhóm NCKH), trích 'pate' từ món Xôi mặn."
Rau,Rau,5.0,20.0,2.0,4.0,0.0,"Số liệu tự đo (nhóm NCKH), trích 'rau' từ món Bánh cuốn."
Suon cot let,Suon cot let,100.0,288.0,22.0,3.5,14.0,"Số liệu tự đo (nhóm NCKH), trích 'sườn cốt lết' từ món Cơm sườn."
Thit bam,Thit bam,43.0,255.81,15.12,3.49,20.0,"Số liệu tự đo (nhóm NCKH), trích 'nhân thịt băm' từ món Bánh bao."
Thit bo,Thit bo,71.0,191.55,20.99,0.0,11.97,"Số liệu tự đo (nhóm NCKH), trích 'thịt bò' từ món Phở."
Thit heo,Thit heo,30.0,328.33,11.6,0.0,30.8,"Số liệu tự đo (nhóm NCKH), trích 'thịt lợn ba chỉ rán' từ món Bánh mỳ thịt."
Thit nguoi,Thit nguoi,38.0,318.16,20.0,5.0,30.0,"Số liệu tự đo (nhóm NCKH), trích 'thịt nguội' từ món Bánh mỳ thịt."
Tom,Tom,20.0,100.0,20.0,1.0,1.5,"Số liệu tự đo (nhóm NCKH), trích 'tôm xào nhân' từ món Bánh cuốn."
Trung,Trung,18.0,155.56,12.78,1.11,11.11,"Số liệu tự đo (nhóm NCKH), trích 'trứng cút' từ món Bánh bao."
Trung chien,Trung chien,65.0,150.77,13.54,0.77,10.31,"Số liệu tự đo (nhóm NCKH), trích 'trứng chiên' từ món Mì trộn."
Vo banh mi,Vo banh mi,71.0,250.0,7.9,52.8,0.8,"Số liệu tự đo (nhóm NCKH), trích 'vỏ bánh mì' từ món Bánh mỳ thịt."
Xoi,Xoi,190.0,172.11,2.42,39.42,0.42,"Số liệu tự đo (nhóm NCKH), trích 'xôi nếp' từ món Xôi mặn."
