ma_mon,ten_mon,lop_nhan_dien_mon,loai_dong,thanh_phan,ma_lop_thanh_phan,khoi_luong_g,protein_g,carb_g,fat_g,calo_kcal,nguon_so_lieu
mi_tron,Mì trộn,Mi,thanh_phan,mì,Mi,85.0,7.7,54.4,46.15,378.0,"Số liệu dinh dưỡng từng thành phần món ăn do nhóm nghiên cứu khoa học (NCKH) tự thực hiện đo khối lượng và phân tích — không lấy từ Viện Dinh dưỡng Quốc gia. ⚠ Fat=46.15g không khớp cân đối năng lượng (4P+4C+9F≈630kcal ≠ 378kcal khai báo) — số liệu do nhóm tự đo, cần cân/đo lại thành phần dầu/mỡ trong mì trộn để xác nhận."
mi_tron,Mì trộn,Mi,thanh_phan,trứng chiên,Trung chien,65.0,8.8,0.5,6.7,98.0,Số liệu dinh dưỡng từng thành phần món ăn do nhóm nghiên cứu khoa học (NCKH) tự thực hiện đo khối lượng và phân tích — không lấy từ Viện Dinh dưỡng Quốc gia.
mi_tron,Mì trộn,Mi,tong_mon,TỔNG CẢ MÓN (Mì trộn),,150.0,16.5,54.9,52.85,476.0,Số liệu dinh dưỡng từng thành phần món ăn do nhóm nghiên cứu khoa học (NCKH) tự thực hiện đo khối lượng và phân tích — không lấy từ Viện Dinh dưỡng Quốc gia.
xoi_man,Xôi mặn,Xoi,thanh_phan,xôi nếp,Xoi,190.0,4.6,74.9,0.8,327.0,Số liệu dinh dưỡng từng thành phần món ăn do nhóm nghiên cứu khoa học (NCKH) tự thực hiện đo khối lượng và phân tích — không lấy từ Viện Dinh dưỡng Quốc gia.
xoi_man,Xôi mặn,Xoi,thanh_phan,chả,Cha,18.0,2.5,0.5,1.8,28.0,Số liệu dinh dưỡng từng thành phần món ăn do nhóm nghiên cứu khoa học (NCKH) tự thực hiện đo khối lượng và phân tích — không lấy từ Viện Dinh dưỡng Quốc gia.
xoi_man,Xôi mặn,Xoi,thanh_phan,pate,Pate,14.0,1.8,0.4,4.2,46.0,Số liệu dinh dưỡng từng thành phần món ăn do nhóm nghiên cứu khoa học (NCKH) tự thực hiện đo khối lượng và phân tích — không lấy từ Viện Dinh dưỡng Quốc gia.
xoi_man,Xôi mặn,Xoi,thanh_phan,lạp xưởng,Lap xuong,6.0,1.1,0.8,3.3,35.0,Số liệu dinh dưỡng từng thành phần món ăn do nhóm nghiên cứu khoa học (NCKH) tự thực hiện đo khối lượng và phân tích — không lấy từ Viện Dinh dưỡng Quốc gia.
xoi_man,Xôi mặn,Xoi,thanh_phan,chà bông,Cha bong,5.0,2.0,0.2,0.5,13.0,Số liệu dinh dưỡng từng thành phần món ăn do nhóm nghiên cứu khoa học (NCKH) tự thực hiện đo khối lượng và phân tích — không lấy từ Viện Dinh dưỡng Quốc gia.
xoi_man,Xôi mặn,Xoi,thanh_phan,hành phi,Hanh phi,10.0,0.6,2.3,2.0,28.0,Số liệu dinh dưỡng từng thành phần món ăn do nhóm nghiên cứu khoa học (NCKH) tự thực hiện đo khối lượng và phân tích — không lấy từ Viện Dinh dưỡng Quốc gia.
xoi_man,Xôi mặn,Xoi,tong_mon,TỔNG CẢ MÓN (Xôi mặn),,243.0,12.6,79.1,12.6,477.0,Số liệu dinh dưỡng từng thành phần món ăn do nhóm nghiên cứu khoa học (NCKH) tự thực hiện đo khối lượng và phân tích — không lấy từ Viện Dinh dưỡng Quốc gia. ⚠ Khối lượng tổng đã sửa từ 247g -> 243g để khớp tổng cộng thành phần (dữ liệu gốc quên cập nhật sau khi bỏ dòng 'sốt').
com_suon,Cơm sườn,Com,thanh_phan,cơm tấm,Com,270.0,6.8,76.1,0.8,340.0,Số liệu dinh dưỡng từng thành phần món ăn do nhóm nghiên cứu khoa học (NCKH) tự thực hiện đo khối lượng và phân tích — không lấy từ Viện Dinh dưỡng Quốc gia.
com_suon,Cơm sườn,Com,thanh_phan,sườn cốt lết,Suon cot let,100.0,22.0,3.5,14.0,288.0,Số liệu dinh dưỡng từng thành phần món ăn do nhóm nghiên cứu khoa học (NCKH) tự thực hiện đo khối lượng và phân tích — không lấy từ Viện Dinh dưỡng Quốc gia.
com_suon,Cơm sườn,Com,thanh_phan,nước mắm,,20.0,0.1,0.3,4.2,39.0,"Số liệu dinh dưỡng từng thành phần món ăn do nhóm nghiên cứu khoa học (NCKH) tự thực hiện đo khối lượng và phân tích — không lấy từ Viện Dinh dưỡng Quốc gia. Roboflow không có lớp nước mắm — cộng thêm theo yêu cầu GVHD, không qua nhận diện ảnh."
com_suon,Cơm sườn,Com,thanh_phan,mỡ hành,Mo hanh,5.0,0.4,4.0,0.0,18.0,Số liệu dinh dưỡng từng thành phần món ăn do nhóm nghiên cứu khoa học (NCKH) tự thực hiện đo khối lượng và phân tích — không lấy từ Viện Dinh dưỡng Quốc gia.
com_suon,Cơm sườn,Com,thanh_phan,cà chua,Ca chua,30.0,0.3,2.1,0.1,10.0,Số liệu dinh dưỡng từng thành phần món ăn do nhóm nghiên cứu khoa học (NCKH) tự thực hiện đo khối lượng và phân tích — không lấy từ Viện Dinh dưỡng Quốc gia.
com_suon,Cơm sườn,Com,tong_mon,TỔNG CẢ MÓN (Cơm sườn),,425.0,29.6,86.0,19.1,695.0,Số liệu dinh dưỡng từng thành phần món ăn do nhóm nghiên cứu khoa học (NCKH) tự thực hiện đo khối lượng và phân tích — không lấy từ Viện Dinh dưỡng Quốc gia.
sandwich,Sandwich,Lat banh sandwich,thanh_phan,vỏ bánh (sandwich),Lat banh sandwich,72.0,5.8,35.3,2.2,184.0,Số liệu dinh dưỡng từng thành phần món ăn do nhóm nghiên cứu khoa học (NCKH) tự thực hiện đo khối lượng và phân tích — không lấy từ Viện Dinh dưỡng Quốc gia.
sandwich,Sandwich,Lat banh sandwich,thanh_phan,trứng chiên,Trung chien,22.0,2.8,0.2,2.3,34.0,Số liệu dinh dưỡng từng thành phần món ăn do nhóm nghiên cứu khoa học (NCKH) tự thực hiện đo khối lượng và phân tích — không lấy từ Viện Dinh dưỡng Quốc gia.
sandwich,Sandwich,Lat banh sandwich,thanh_phan,sốt mayonnaise,,20.0,0.2,0.8,15.0,138.0,"Số liệu dinh dưỡng từng thành phần món ăn do nhóm nghiên cứu khoa học (NCKH) tự thực hiện đo khối lượng và phân tích — không lấy từ Viện Dinh dưỡng Quốc gia. Roboflow không có lớp sốt mayonnaise — cộng thêm theo yêu cầu GVHD, không qua nhận diện ảnh."
sandwich,Sandwich,Lat banh sandwich,tong_mon,TỔNG CẢ MÓN (Sandwich),,114.0,8.8,36.3,19.5,356.0,Số liệu dinh dưỡng từng thành phần món ăn do nhóm nghiên cứu khoa học (NCKH) tự thực hiện đo khối lượng và phân tích — không lấy từ Viện Dinh dưỡng Quốc gia.
banh_bao,Bánh bao,Banh bao,thanh_phan,vỏ bánh bao,Banh bao,89.0,6.2,44.5,1.8,219.0,Số liệu dinh dưỡng từng thành phần món ăn do nhóm nghiên cứu khoa học (NCKH) tự thực hiện đo khối lượng và phân tích — không lấy từ Viện Dinh dưỡng Quốc gia.
banh_bao,Bánh bao,Banh bao,thanh_phan,nhân thịt băm,Thit bam,43.0,6.5,1.5,8.6,110.0,Số liệu dinh dưỡng từng thành phần món ăn do nhóm nghiên cứu khoa học (NCKH) tự thực hiện đo khối lượng và phân tích — không lấy từ Viện Dinh dưỡng Quốc gia.
banh_bao,Bánh bao,Banh bao,thanh_phan,trứng cút,Trung,18.0,2.3,0.2,2.0,28.0,Số liệu dinh dưỡng từng thành phần món ăn do nhóm nghiên cứu khoa học (NCKH) tự thực hiện đo khối lượng và phân tích — không lấy từ Viện Dinh dưỡng Quốc gia.
banh_bao,Bánh bao,Banh bao,tong_mon,TỔNG CẢ MÓN (Bánh bao),,150.0,15.0,46.2,12.4,357.0,Số liệu dinh dưỡng từng thành phần món ăn do nhóm nghiên cứu khoa học (NCKH) tự thực hiện đo khối lượng và phân tích — không lấy từ Viện Dinh dưỡng Quốc gia.
pho,Phở,Banh pho,thanh_phan,bánh phở,Banh pho,32.0,0.6,9.0,0.1,39.0,Số liệu dinh dưỡng từng thành phần món ăn do nhóm nghiên cứu khoa học (NCKH) tự thực hiện đo khối lượng và phân tích — không lấy từ Viện Dinh dưỡng Quốc gia.
pho,Phở,Banh pho,thanh_phan,thịt bò,Thit bo,71.0,14.9,0.0,8.5,136.0,Số liệu dinh dưỡng từng thành phần món ăn do nhóm nghiên cứu khoa học (NCKH) tự thực hiện đo khối lượng và phân tích — không lấy từ Viện Dinh dưỡng Quốc gia.
pho,Phở,Banh pho,thanh_phan,nước lèo,,280.0,4.2,2.8,7.0,91.0,Số liệu dinh dưỡng từng thành phần món ăn do nhóm nghiên cứu khoa học (NCKH) tự thực hiện đo khối lượng và phân tích — không lấy từ Viện Dinh dưỡng Quốc gia.
pho,Phở,Banh pho,thanh_phan,giá đỗ,Gia,10.0,0.3,0.6,0.0,3.0,Số liệu dinh dưỡng từng thành phần món ăn do nhóm nghiên cứu khoa học (NCKH) tự thực hiện đo khối lượng và phân tích — không lấy từ Viện Dinh dưỡng Quốc gia.
pho,Phở,Banh pho,thanh_phan,hành lá,Hanh la,5.0,0.1,0.4,0.0,2.0,Số liệu dinh dưỡng từng thành phần món ăn do nhóm nghiên cứu khoa học (NCKH) tự thực hiện đo khối lượng và phân tích — không lấy từ Viện Dinh dưỡng Quốc gia.
pho,Phở,Banh pho,tong_mon,TỔNG CẢ MÓN (Phở),,398.0,20.1,12.8,15.6,271.0,Số liệu dinh dưỡng từng thành phần món ăn do nhóm nghiên cứu khoa học (NCKH) tự thực hiện đo khối lượng và phân tích — không lấy từ Viện Dinh dưỡng Quốc gia.
banh_cuon,Bánh cuốn,Banh cuon,thanh_phan,vỏ bánh (bánh cuốn),Banh cuon,100.0,1.5,23.0,0.5,103.0,Số liệu dinh dưỡng từng thành phần món ăn do nhóm nghiên cứu khoa học (NCKH) tự thực hiện đo khối lượng và phân tích — không lấy từ Viện Dinh dưỡng Quốc gia.
banh_cuon,Bánh cuốn,Banh cuon,thanh_phan,nhân xào thịt băm,Thit bam,60.0,9.0,0.5,12.0,146.0,Số liệu dinh dưỡng từng thành phần món ăn do nhóm nghiên cứu khoa học (NCKH) tự thực hiện đo khối lượng và phân tích — không lấy từ Viện Dinh dưỡng Quốc gia.
banh_cuon,Bánh cuốn,Banh cuon,thanh_phan,tôm xào nhân,Tom,20.0,4.0,0.2,0.3,20.0,Số liệu dinh dưỡng từng thành phần món ăn do nhóm nghiên cứu khoa học (NCKH) tự thực hiện đo khối lượng và phân tích — không lấy từ Viện Dinh dưỡng Quốc gia.
banh_cuon,Bánh cuốn,Banh cuon,thanh_phan,chả,Cha,45.0,6.3,1.3,4.5,71.0,Số liệu dinh dưỡng từng thành phần món ăn do nhóm nghiên cứu khoa học (NCKH) tự thực hiện đo khối lượng và phân tích — không lấy từ Viện Dinh dưỡng Quốc gia.
banh_cuon,Bánh cuốn,Banh cuon,thanh_phan,bánh tôm đậu xanh,Banh tom,22.0,1.8,9.5,4.2,83.0,Số liệu dinh dưỡng từng thành phần món ăn do nhóm nghiên cứu khoa học (NCKH) tự thực hiện đo khối lượng và phân tích — không lấy từ Viện Dinh dưỡng Quốc gia.
banh_cuon,Bánh cuốn,Banh cuon,thanh_phan,nem chua,Nem chua,12.0,2.0,0.5,0.4,14.0,Số liệu dinh dưỡng từng thành phần món ăn do nhóm nghiên cứu khoa học (NCKH) tự thực hiện đo khối lượng và phân tích — không lấy từ Viện Dinh dưỡng Quốc gia.
banh_cuon,Bánh cuốn,Banh cuon,thanh_phan,hành phi,Hanh phi,5.0,0.3,2.0,2.0,27.0,Số liệu dinh dưỡng từng thành phần món ăn do nhóm nghiên cứu khoa học (NCKH) tự thực hiện đo khối lượng và phân tích — không lấy từ Viện Dinh dưỡng Quốc gia.
banh_cuon,Bánh cuốn,Banh cuon,thanh_phan,nước mắm,,55.0,1.1,11.0,0.0,48.0,"Số liệu dinh dưỡng từng thành phần món ăn do nhóm nghiên cứu khoa học (NCKH) tự thực hiện đo khối lượng và phân tích — không lấy từ Viện Dinh dưỡng Quốc gia. Roboflow không có lớp nước mắm — cộng thêm theo yêu cầu GVHD, không qua nhận diện ảnh."
banh_cuon,Bánh cuốn,Banh cuon,thanh_phan,giá,Gia,40.0,1.2,2.4,0.1,12.0,Số liệu dinh dưỡng từng thành phần món ăn do nhóm nghiên cứu khoa học (NCKH) tự thực hiện đo khối lượng và phân tích — không lấy từ Viện Dinh dưỡng Quốc gia.
banh_cuon,Bánh cuốn,Banh cuon,thanh_phan,rau,Rau,5.0,0.1,0.2,0.0,1.0,Số liệu dinh dưỡng từng thành phần món ăn do nhóm nghiên cứu khoa học (NCKH) tự thực hiện đo khối lượng và phân tích — không lấy từ Viện Dinh dưỡng Quốc gia.
banh_cuon,Bánh cuốn,Banh cuon,tong_mon,TỔNG CẢ MÓN (Bánh cuốn),,364.0,27.3,50.6,24.0,525.0,Số liệu dinh dưỡng từng thành phần món ăn do nhóm nghiên cứu khoa học (NCKH) tự thực hiện đo khối lượng và phân tích — không lấy từ Viện Dinh dưỡng Quốc gia.
nui_xao,Nui xào,Nui,thanh_phan,nui,Nui,220.0,11.0,57.2,1.1,288.0,Số liệu dinh dưỡng từng thành phần món ăn do nhóm nghiên cứu khoa học (NCKH) tự thực hiện đo khối lượng và phân tích — không lấy từ Viện Dinh dưỡng Quốc gia.
nui_xao,Nui xào,Nui,thanh_phan,dầu ăn,,85.0,10.6,0.6,8.1,119.0,Số liệu dinh dưỡng từng thành phần món ăn do nhóm nghiên cứu khoa học (NCKH) tự thực hiện đo khối lượng và phân tích — không lấy từ Viện Dinh dưỡng Quốc gia.
nui_xao,Nui xào,Nui,thanh_phan,nước tương,,10.0,0.0,0.0,10.0,88.0,"Số liệu dinh dưỡng từng thành phần món ăn do nhóm nghiên cứu khoa học (NCKH) tự thực hiện đo khối lượng và phân tích — không lấy từ Viện Dinh dưỡng Quốc gia. Roboflow không có lớp nước tương — cộng thêm theo yêu cầu GVHD, không qua nhận diện ảnh."
nui_xao,Nui xào,Nui,thanh_phan,trứng chiên,Trung chien,70.0,1.4,38.5,0.0,160.0,Số liệu dinh dưỡng từng thành phần món ăn do nhóm nghiên cứu khoa học (NCKH) tự thực hiện đo khối lượng và phân tích — không lấy từ Viện Dinh dưỡng Quốc gia.
nui_xao,Nui xào,Nui,thanh_phan,rau (cải thìa),Rau,65.0,1.0,1.8,0.1,10.0,Số liệu dinh dưỡng từng thành phần món ăn do nhóm nghiên cứu khoa học (NCKH) tự thực hiện đo khối lượng và phân tích — không lấy từ Viện Dinh dưỡng Quốc gia.
nui_xao,Nui xào,Nui,thanh_phan,tương ớt,,5.0,0.1,1.3,0.0,5.0,Số liệu dinh dưỡng từng thành phần món ăn do nhóm nghiên cứu khoa học (NCKH) tự thực hiện đo khối lượng và phân tích — không lấy từ Viện Dinh dưỡng Quốc gia.
nui_xao,Nui xào,Nui,thanh_phan,sa tế,,3.0,0.1,0.3,0.0,1.0,Số liệu dinh dưỡng từng thành phần món ăn do nhóm nghiên cứu khoa học (NCKH) tự thực hiện đo khối lượng và phân tích — không lấy từ Viện Dinh dưỡng Quốc gia.
nui_xao,Nui xào,Nui,thanh_phan,hành lá,Hanh la,5.0,0.1,0.4,0.0,2.0,Số liệu dinh dưỡng từng thành phần món ăn do nhóm nghiên cứu khoa học (NCKH) tự thực hiện đo khối lượng và phân tích — không lấy từ Viện Dinh dưỡng Quốc gia.
nui_xao,Nui xào,Nui,tong_mon,TỔNG CẢ MÓN (Nui xào),,463.0,24.3,100.1,19.3,673.0,Số liệu dinh dưỡng từng thành phần món ăn do nhóm nghiên cứu khoa học (NCKH) tự thực hiện đo khối lượng và phân tích — không lấy từ Viện Dinh dưỡng Quốc gia.
banh_mi,Bánh mỳ thịt,Vo banh mi,thanh_phan,vỏ bánh mì,Vo banh mi,71.0,5.61,37.49,0.57,177.5,Số liệu dinh dưỡng từng thành phần món ăn do nhóm nghiên cứu khoa học (NCKH) tự thực hiện đo khối lượng và phân tích — không lấy từ Viện Dinh dưỡng Quốc gia.
banh_mi,Bánh mỳ thịt,Vo banh mi,thanh_phan,pate,Pate,65.0,7.02,10.01,15.99,212.0,Số liệu dinh dưỡng từng thành phần món ăn do nhóm nghiên cứu khoa học (NCKH) tự thực hiện đo khối lượng và phân tích — không lấy từ Viện Dinh dưỡng Quốc gia.
banh_mi,Bánh mỳ thịt,Vo banh mi,thanh_phan,thịt lợn ba chỉ rán,Thit heo,30.0,3.48,0.0,9.24,98.5,Số liệu dinh dưỡng từng thành phần món ăn do nhóm nghiên cứu khoa học (NCKH) tự thực hiện đo khối lượng và phân tích — không lấy từ Viện Dinh dưỡng Quốc gia.
banh_mi,Bánh mỳ thịt,Vo banh mi,thanh_phan,ruốc thịt lợn,Cha bong,6.0,3.3,1.2,0.24,22.1,Số liệu dinh dưỡng từng thành phần món ăn do nhóm nghiên cứu khoa học (NCKH) tự thực hiện đo khối lượng và phân tích — không lấy từ Viện Dinh dưỡng Quốc gia.
banh_mi,Bánh mỳ thịt,Vo banh mi,thanh_phan,thịt nguội,Thit nguoi,38.0,7.6,1.9,11.4,120.9,Số liệu dinh dưỡng từng thành phần món ăn do nhóm nghiên cứu khoa học (NCKH) tự thực hiện đo khối lượng và phân tích — không lấy từ Viện Dinh dưỡng Quốc gia.
banh_mi,Bánh mỳ thịt,Vo banh mi,thanh_phan,bơ,,6.0,0.03,0.03,4.98,45.3,Số liệu dinh dưỡng từng thành phần món ăn do nhóm nghiên cứu khoa học (NCKH) tự thực hiện đo khối lượng và phân tích — không lấy từ Viện Dinh dưỡng Quốc gia.
banh_mi,Bánh mỳ thịt,Vo banh mi,thanh_phan,dưa chuột,Dua leo,13.0,0.1,0.47,0.01,2.3,Số liệu dinh dưỡng từng thành phần món ăn do nhóm nghiên cứu khoa học (NCKH) tự thực hiện đo khối lượng và phân tích — không lấy từ Viện Dinh dưỡng Quốc gia.
banh_mi,Bánh mỳ thịt,Vo banh mi,tong_mon,TỔNG CẢ MÓN (Bánh mỳ thịt),,229.0,27.14,51.1,42.43,678.0,Số liệu dinh dưỡng từng thành phần món ăn do nhóm nghiên cứu khoa học (NCKH) tự thực hiện đo khối lượng và phân tích — không lấy từ Viện Dinh dưỡng Quốc gia.
